<mediaItems version="V2">
  <mediaItems>
    <mediaItem>
      <contentIdentifier>MRYAGfywH4MA96MT9R6o</contentIdentifier>
      <printName>enablement-showroom</printName>
      <mediaType>image/png</mediaType>
      <uri>cadenzaDbRepo:/_YqIhWwQGYOPxiLye3X3/zImwN6GTu_miZOMAyafDmnAG8W15rHFMKCG5I_Sq</uri>
      <creationTimestamp>1708436294.000000000</creationTimestamp>
      <properties>
        <property>
          <name>ContentSize</name>
          <value>1994</value>
        </property>
        <property>
          <name>ImageHeight</name>
          <value>96</value>
        </property>
        <property>
          <name>ImageWidth</name>
          <value>96</value>
        </property>
      </properties>
    </mediaItem>
  </mediaItems>
</mediaItems>
